BCBS_Name,Acronym
Blue Cross Blue Shield of Texas,K2A
Regence Blue Cross Blue Shield of Oregon,K2C
Blue Cross Blue Shield of Illinois,K2D
Blue Cross Blue Shield of Illinois,K2F
BCBS of Western New York,K2H
Blue Cross Blue Shield of Vermont,K2N
Premera Blue Cross,K2S
Blue Cross Blue Shield of Minnesota,K2T
Blue Cross Blue Shield of Illinois,K2X
Blue Cross of California,K3A
Empire Blue Cross Blue Shield,K3B
Anthem BCBS of Virginia,K3C
Regence Blue Cross Blue Shield of Oregon,K3G
Highmark BCBS of Pennsylvania,K3H
Premera Blue Cross,K3S
Blue Cross of California,K3T
Regence Blue Shield of Washington,K3V
Empire Blue Cross Blue Shield,K4A
Regence Blue Shield of Washington,K4F
Blue Cross Blue Shield of Massachusetts,K4S
Blue Cross of California,K5A
Blue Cross Blue Shield of Illinois,K5D
Blue Cross Blue Shield of Texas,K7X
Blue Cross Blue Shield of Arizona,K8Y
Blue Cross Blue Shield of Arizona,K8Z
Unassigned,KAA
Wellmark BCBS,KAB
Blue Cross Blue Shield of Texas,KAC
Blue Cross Blue Shield of Michigan,KAD
Blue Cross Blue Shield of Illinois,KAE
Blue Cross Blue Shield of South Carolina,KAF
Anthem BCBS of Georgia,KAG
Anthem BCBS of Indiana,KAH
Blue Cross Blue Shield of Arizona,KAI
Blue Cross Blue Shield of Louisiana,KAJ
BCBS of Western New York,KAK
Blue Cross Blue Shield of Alabama,KAL
Wellmark BCBS,KAM
Unassigned,KAN
Blue Cross Blue Shield of Minnesota,KAO
Independence Blue Cross,KAP
Blue Cross Blue Shield of Michigan,KAQ
Unassigned,KAR
Blue Cross of California,KAS
Blue Cross Blue Shield of Illinois,KAT
Blue Cross Blue Shield of Illinois,KAU
Regence Blue Cross Blue Shield of Oregon,KAV
Anthem BCBS of Georgia,KAW
Blue Cross of California,KAX
Excellus BCBS,KAY
Blue Cross Blue Shield of Illinois,KAZ
Blue Cross Blue Shield of Missouri,KBA
Anthem BCBS of Colorado,KBB
Anthem BCBS of Virginia,KBC
Blue Cross Blue Shield of South Carolina,KBD
Anthem BCBS of Wisconsin,KBE
Independence Blue Cross,KBF
Regence Blue Cross Blue Shield of Oregon,KBG
Horizon Blue Cross Blue Shield of New Jersey,KBH
Capital Blue Cross,KBI
Empire Blue Cross Blue Shield,KBJ
Blue Cross of California,KBK
Anthem BCBS of Wisconsin,KBL
Blue Cross Blue Shield of Nebraska,KBM
Unassigned,KBN
Blue Cross Blue Shield of North Carolina,KBO
CareFirst BCBS,KBP
CareFirst BCBS,KBQ
Premera Blue Cross,KBR
Anthem BCBS of Wisconsin,KBS
Wellmark BCBS,KBT
Blue Shield of California,KBU
Anthem BCBS of Georgia,KBV
Anthem BCBS of Wisconsin,KBW
Anthem BCBS of Kentucky,KBX
Blue Shield of Northeastern New York,KBY
Blue Cross of California,KBZ
Wellmark BCBS,KCA
Wellmark BCBS,KCB
Blue Cross of California,KCC
Regence Blue Shield of Washington,KCD
Anthem BCBS of Ohio,KCE
Blue Cross of California,KCF
Blue Cross Blue Shield of Illinois,KCG
Empire Blue Cross Blue Shield,KCH
Blue Cross Blue Shield of Tennessee,KCI
Blue Cross Blue Shield of Texas,KCJ
Anthem BCBS of Ohio,KCK
Blue Cross Blue Shield of Minnesota,KCL
Highmark BCBS of Pennsylvania,KCM
Highmark BCBS of Pennsylvania,KCN
Blue Cross Blue Shield of Michigan,KCO
Blue Cross of California,KCP
Premera Blue Cross,KCQ
Unassigned,KCR
Wellmark BCBS,KCS
Regence Blue Cross Blue Shield of Oregon,KCT
Blue Cross Blue Shield of Michigan,KCU
Wellmark BCBS,KCV
Blue Cross Blue Shield of Michigan,KCW
Blue Shield of California,KCX
Anthem BCBS of Ohio,KCY
Wellmark BCBS,KCZ
Blue Cross Blue Shield of Michigan,KDA
Blue Cross Blue Shield of Michigan,KDB
Blue Cross Blue Shield of South Carolina,KDC
Blue Cross Blue Shield of Nebraska,KDD
Blue Shield of California,KDE
Blue Cross Blue Shield of South Carolina,KDF
Blue Cross Blue Shield of Massachusetts,KDG
Anthem BCBS of Ohio,KDH
Blue Shield of California,KDI
Horizon Blue Cross Blue Shield of New Jersey,KDJ
Blue Cross Blue Shield of Tennessee,KDK
Blue Cross Blue Shield of Kansas City,KDL
Blue Cross Blue Shield of Massachusetts,KDM
Anthem BCBS of Wisconsin,KDN
Blue Cross Blue Shield of Michigan,KDO
Horizon Blue Cross Blue Shield of New Jersey,KDP
Horizon Blue Cross Blue Shield of New Jersey,KDQ
Highmark BCBS of Pennsylvania,KDR
Capital Blue Cross,KDS
Blue Cross Blue Shield of Massachusetts,KDT
Blue Cross Blue Shield of Vermont,KDU
Anthem BCBS of Georgia,KDV
Blue Cross Blue Shield of South Carolina,KDW
Empire Blue Cross Blue Shield,KDX
CareFirst BCBS,KDY
Blue Shield of California,KDZ
Wellmark BCBS,KEA
Blue Cross of California,KEB
Horizon Blue Cross Blue Shield of New Jersey,KEC
Blue Cross Blue Shield of Illinois,KED
Blue Cross of Idaho,KEE
Anthem BCBS of Indiana,KEF
CareFirst BCBS,KEG
CareFirst BCBS,KEH
Blue Cross Blue Shield of Michigan,KEI
Blue Shield of California,KEJ
Blue Cross of California,KEK
Blue Cross Blue Shield of South Carolina,KEL
Blue Cross Blue Shield of South Carolina,KEM
Empire Blue Cross Blue Shield,KEN
Wellmark BCBS,KEO
Blue Cross Blue Shield of Illinois,KEP
Highmark BCBS of Pennsylvania,KEQ
Regence Blue Cross Blue Shield of Oregon,KER
Anthem BCBS of Indiana,KES
CareFirst BCBS,KET
CareFirst BCBS,KEU
Independence Blue Cross,KEV
BCBS of Michigan,KEW
Blue Cross Blue Shield of Illinois,KEX
Regence Blue Shield of Washington,KEY
Anthem BCBS of Connect,KEZ
BCBS of Western New York,KFA
Regence Blue Shield of Washington,KFB
Blue Cross Blue Shield of Illinois,KFC
Blue Shield of California,KFD
Anthem BCBS of Wisconsin,KFE
Wellmark BCBS,KFF
CareFirst BCBS,KFG
Blue Cross Blue Shield of Nebraska,KFH
Unassigned,KFI
Anthem BCBS of New Hampshire,KFJ
Blue Cross Blue Shield of Alabama,KFK
Blue Cross of California,KFL
Blue Cross of California,KFM
Blue Cross Blue Shield of Illinois,KFN
Blue Cross of California,KFO
Blue Shield of California,KFP
Anthem BCBS of Ohio,KFQ
Blue Cross of California,KFR
Anthem BCBS of Virginia,KFS
Blue Cross Blue Shield of Illinois,KFT
Anthem BCBS of New Hampshire,KFU
Anthem BCBS of Indiana,KFV
Anthem BCBS of Virginia,KFW
CareFirst BCBS,KFX
Premera Blue Cross,KFY
Blue Cross Blue Shield of Minnesota,KFZ
BCBS of Florida,KGA
Unassigned,KGB
BCBS of Florida,KGC
Blue Cross of California,KGD
Independence Blue Cross,KGE
Blue Cross of California,KGF
Anthem BCBS of Ohio,KGG
Blue Cross Blue Shield of Louisiana,KGH
CareFirst BCBS,KGI
Blue Cross Blue Shield of South Carolina,KGJ
Anthem BCBS of Ohio,KGK
Anthem BCBS of Nevada,KGL
Blue Cross Blue Shield of Arizona,KGM
Blue Cross Blue Shield of Texas,KGN
Blue Shield of California,KGO
CareFirst BCBS,KGP
CareFirst BCBS,KGQ
Anthem BCBS of Ohio,KGR
Blue Cross Blue Shield of Kansas,KGS
Anthem BCBS of Ohio,KGT
Blue Cross Blue Shield of Illinois,KGU
Anthem BCBS of Ohio,KGV
Anthem Blue Cross of California,KGW
Anthem BCBS of Virginia,KGX
Wellmark BCBS,KGY
Anthem BCBS of Ohio,KGZ
Blue Cross Blue Shield of Illinois,KHA
Blue Cross Blue Shield of Alabama,KHB
Highmark BCBS of Pennsylvania,KHC
Wellmark BCBS,KHD
Anthem BCBS of Wisconsin,KHE
Unassigned,KHF
Blue Shield of California,KHG
Blue Cross Blue Shield of Alabama,KHH
Blue Cross of California,KHI
Empire Blue Cross Blue Shield,KHJ
Blue Cross of California,KHK
Anthem BCBS of Wisconsin,KHL
Independence Blue Cross,KHM
Anthem BCBS of Wisconsin,KHN
Blue Cross of Idaho,KHO
Anthem BCBS of Ohio,KHP
CareFirst BCBS,KHQ
Capital Blue Cross,KHR
Premera Blue Cross,KHS
Blue Cross Blue Shield of Minnesota,KHT
Wellmark BCBS,KHU
CareFirst BCBS,KHV
Blue Cross of California,KHW
Anthem BCBS of Wisconsin,KHX
Anthem BCBS of Wisconsin,KHY
Wellmark BCBS,KHZ
Anthem BCBS of Georgia,KIA
Anthem BCBS of Georgia,KIB
Wellmark BCBS,KIC
Blue Cross Blue Shield of Alabama,KID
Anthem BCBS of Georgia,KIE
Blue Cross Blue Shield of Alabama,KIF
Empire Blue Cross Blue Shield,KIG
Empire Blue Cross Blue Shield,KIH
Blue Shield of California,KII
Blue Cross Blue Shield of Alabama,KIJ
Blue Cross Blue Shield of Illinois,KIK
Unassigned,KIL
BCBS of Western New York,KIM
Regence Blue Cross Blue Shield of Oregon,KIN
Empire Blue Cross Blue Shield,KIO
Unassigned,KIP
Unassigned,KIQ
Regence Blue Shield of Washington,KIR
Capital Blue Cross,KIS
Blue Cross Blue Shield of Illinois,KIT
Blue Cross Blue Shield of Alabama,KIU
Anthem BCBS of Virginia,KIV
Anthem BCBS of Virginia,KIW
Anthem BCBS of Virginia,KIX
BCBS of Western New York,KIY
Blue Cross of California,KIZ
Anthem BCBS of Georgia,KJA
CareFirst BCBS,KJB
Blue Cross of California,KJC
Blue Cross Blue Shield of Alabama,KJD
Blue Cross of California,KJE
Blue Cross Blue Shield of Illinois,KJF
Blue Cross Blue Shield of Illinois,KJG
Blue Cross Blue Shield of Illinois,KJH
Blue Cross Blue Shield of Missouri,KJI
CareFirst BCBS,KJJ
Blue Shield of California,KJK
Blue Shield of California,KJL
Blue Cross Blue Shield of Illinois,KJM
Blue Cross Blue Shield of Missouri,KJN
Anthem BCBS of Ohio,KJO
Horizon Blue Cross Blue Shield of New Jersey,KJP
Anthem BCBS of Missouri,KJQ
Highmark BCBS of Pennsylvania,KJR
Unassigned,KJS
Wellmark BCBS,KJT
Anthem BCBS of Missouri,KJU
Empire Blue Cross Blue Shield,KJV
Blue Cross Blue Shield of Illinois,KJW
BCBS of Western New York,KJX
Highmark BCBS of Pennsylvania,KJY
Unassigned,KJZ
Blue Cross Blue Shield of Alabama,KKA
Anthem BCBS of Ohio,KKB
Blue Cross Blue Shield of Michigan,KKC
Blue Cross of California,KKD
Blue Cross Blue Shield of Oklahoma,KKE
Blue Cross of California,KKF
Blue Cross Blue Shield of Illinois,KKG
Blue Cross Blue Shield of Illinois,KKH
Blue Cross of California,KKI
Blue Cross Blue Shield of Texas,KKJ
Unassigned,KKK
Wellmark BCBS,KKL
Blue Cross of California,KKM
Horizon Blue Cross Blue Shield of New Jersey,KKN
Blue Cross Blue Shield of Michigan,KKO
Blue Cross Blue Shield of Illinois,KKP
Blue Cross Blue Shield of Arkansas,KKQ
Blue Cross Blue Shield of Michigan,KKR
Wellmark BCBS,KKS
Anthem BCBS of Kentucky,KKT
Blue Cross Blue Shield of Minnesota,KKU
Anthem BCBS of Kentucky,KKV
Blue Cross of California,KKW
Blue Cross Blue Shield of Nebraska,KKX
Premera Blue Cross,KKY
Blue Cross Blue Shield of Illinois,KKZ
Blue Cross Blue Shield of Nebraska,KLA
Anthem BCBS of Ohio,KLB
Premera Blue Cross,KLC
CareFirst BCBS,KLD
Anthem BCBS of Ohio,KLE
CareFirst BCBS,KLF
Blue Cross Blue Shield of Michigan,KLG
Blue Cross Blue Shield of Nebraska,KLH
Anthem BCBS of Georgia,KLI
Premera Blue Cross,KLJ
Anthem BCBS of Virginia,KLK
Empire Blue Cross Blue Shield,KLL
Blue Cross Blue Shield of Michigan,KLM
Blue Cross Blue Shield of Michigan,KLN
Empire Blue Cross Blue Shield,KLO
Blue Cross Blue Shield of Michigan,KLP
Blue Cross of California,KLQ
Anthem BCBS of Virginia,KLR
Blue Cross Blue Shield of Minnesota,KLS
Blue Cross Blue Shield of Illinois,KLT
CareFirst BCBS,KLU
BCBS of Western New York,KLV
Blue Cross of California,KLW
Horizon Blue Cross Blue Shield of New Jersey,KLX
Blue Cross of California,KLY
Premera Blue Cross,KLZ
Blue Shield of California,KMA
Anthem BCBS of Wisconsin,KMB
Wellmark BCBS,KMC
Highmark BCBS of Pennsylvania,KMD
Wellmark BCBS,KME
BCBS of Florida,KMF
Blue Shield of Northeastern New York,KMG
BCBS of Florida,KMH
Blue Shield of California,KMI
Empire Blue Cross Blue Shield,KMJ
Blue Cross Blue Shield of Illinois,KMK
Blue Cross of California,KML
Highmark BCBS of Pennsylvania,KMM
Highmark BCBS of Pennsylvania,KMN
Blue Shield of California,KMO
Blue Cross Blue Shield of Nebraska,KMP
Blue Cross of Idaho,KMQ
Wellmark BCBS,KMR
Blue Cross Blue Shield of South Carolina,KMS
Blue Cross Blue Shield of Michigan,KMT
Blue Cross Blue Shield of Michigan,KMU
Anthem BCBS of Maine,KMV
Blue Cross of California,KMW
Anthem BCBS of Maine,KMX
Empire Blue Cross Blue Shield,KMY
Anthem BCBS of Ohio,KMZ
Anthem BCBS of Ohio,KNA
Highmark BCBS of Pennsylvania,KNB
Anthem BCBS of Ohio,KNC
Anthem BCBS of Ohio,KND
Blue Cross Blue Shield of Illinois,KNE
Independence Blue Cross,KNF
Wellmark BCBS,KNG
BCBS of Illinois,KNH
Anthem BCBS of Missouri,KNI
Blue Shield of California,KNJ
Anthem BCBS of Georgia,KNK
Anthem BCBS of Georgia,KNL
Unassigned,KNM
Empire Blue Cross Blue Shield,KNN
Anthem BCBS of Wisconsin,KNO
Blue Cross Blue Shield of Texas,KNP
Blue Cross of California,KNQ
Blue Cross of California,KNR
Blue Cross Blue Shield of Illinois,KNS
Independence Blue Cross,KNT
Anthem BCBS of Ohio,KNU
CareFirst BCBS,KNV
Wellmark BCBS,KNW
Blue Cross Blue Shield of Tennessee,KNX
BCBS of Western New York,KNY
Blue Cross Blue Shield of North Carolina,KNZ
BCBS of Western New York,KOA
Blue Shield of California,KOB
Blue Cross Blue Shield of Massachusetts,KOC
BCBS of Western New York,KOD
Anthem BCBS of Georgia,KOE
Wellmark BCBS,KOF
Blue Shield of California,KOG
Unassigned,KOH
Independence Blue Cross,KOI
Blue Cross Blue Shield of Michigan,KOJ
Blue Shield of California,KOK
Anthem BCBS of Ohio,KOL
Blue Cross Blue Shield of Illinois,KOM
Blue Cross Blue Shield of Illinois,KON
Blue Cross of Idaho,KOO
Anthem BCBS of Wisconsin,KOP
Anthem BCBS of Ohio,KOQ
Blue Cross Blue Shield of Michigan,KOR
Unassigned,KOS
BCBS of Western New York,KOT
Blue Cross Blue Shield of Michigan,KOU
Blue Cross of California,KOV
Blue Cross of California,KOW
Blue Cross of Idaho,KOX
Independence Blue Cross,KOY
Blue Cross Blue Shield of Michigan,KOZ
Anthem BCBS of Ohio,KPA
Blue Cross Blue Shield of Massachusetts,KPB
Blue Cross of California,KPC
Anthem BCBS of Virginia,KPD
Anthem BCBS of Georgia,KPE
Regence Blue Cross Blue Shield of Oregon,KPF
Anthem BCBS of Ohio,KPG
Horizon Blue Cross Blue Shield of New Jersey,KPH
Blue Shield of California,KPI
Blue Cross Blue Shield of Illinois,KPJ
Blue Cross Blue Shield of Texas,KPK
Blue Cross Blue Shield of Nebraska,KPL
Blue Cross Blue Shield of South Carolina,KPM
Wellmark BCBS,KPN
Blue Shield of California,KPO
Anthem BCBS of Virginia,KPP
Blue Cross Blue Shield of Illinois,KPQ
Capital Blue Cross,KPR
Anthem BCBS of Kentucky,KPS
Blue Cross Blue Shield of Minnesota,KPT
Horizon Blue Cross Blue Shield of New Jersey,KPU
Blue Cross Blue Shield of Illinois,KPV
Anthem BCBS of Wisconsin,KPW
Anthem BCBS of Wisconsin,KPX
Independence Blue Cross,KPY
Unassigned,KPZ
Wellmark BCBS,KQA
Unassigned,KQB
Blue Shield of California,KQC
Horizon Blue Cross Blue Shield of New Jersey,KQD
Blue Cross Blue Shield of Minnesota,KQE
Blue Cross Blue Shield of Massachusetts,KQF
Blue Cross Blue Shield of Alabama,KQG
Wellmark BCBS,KQH
Blue Cross Blue Shield of Rhode Island,KQI
Blue Cross Blue Shield of North Carolina,KQJ
Premera Blue Cross,KQK
Horizon Blue Cross Blue Shield of New Jersey,KQL
Horizon Blue Cross Blue Shield of New Jersey,KQM
Blue Cross Blue Shield of Texas,KQN
Blue Cross Blue Shield of Michigan,KQO
Anthem BCBS of Wisconsin,KQP
BCBS of Western New York,KQQ
Anthem BCBS of Wisconsin,KQR
Horizon Blue Cross Blue Shield of New Jersey,KQS
Regence Blue Cross Blue Shield of Oregon,KQT
Premera Blue Cross,KQU
Regence Blue Cross Blue Shield of Oregon,KQV
Blue Cross Blue Shield of Michigan,KQW
Blue Shield of California,KQX
Unassigned,KQY
Unassigned,KQZ
Blue Cross of California,KRA
Empire Blue Cross Blue Shield,KRB
Wellmark BCBS,KRC
Wellmark BCBS,KRD
Anthem BCBS of Ohio,KRE
Unassigned,KRF
Unassigned,KRG
Wellmark BCBS,KRH
Blue Cross Blue Shield of Rhode Island,KRI
Wellmark BCBS,KRJ
Unassigned,KRK
Wellmark BCBS,KRL
Blue Cross Blue Shield of Rhode Island,KRM
Anthem BCBS of Missouri,KRN
Anthem BCBS of Colorado,KRO
Blue Cross Blue Shield of Illinois,KRP
Unassigned,KRQ
Blue Cross Blue Shield of Illinois,KRR
Unassigned,KRS
Unassigned,KRT
Anthem BCBS of Ohio,KRU
Unassigned,KRV
Anthem BCBS of Ohio,KRW
Anthem BCBS of Wisconsin,KRX
Unassigned,KRY
Blue Cross of California,KRZ
Blue Cross Blue Shield of Kansas,KSA
Regence Blue Shield of Washington,KSB
Blue Cross Blue Shield of Michigan,KSC
Independence Blue Cross,KSD
Blue Cross Blue Shield of Kansas,KSE
Blue Cross of California,KSF
Anthem BCBS of Ohio,KSG
Empire Blue Cross Blue Shield,KSH
Blue Cross Blue Shield of Tennessee,KSI
Blue Cross Blue Shield of South Carolina,KSJ
Blue Cross Blue Shield of Texas,KSK
Blue Cross Blue Shield of Massachusetts,KSL
Blue Cross Blue Shield of Massachusetts,KSM
Empire Blue Cross Blue Shield,KSN
Blue Cross Blue Shield of Massachusetts,KSO
Blue Cross Blue Shield of Michigan,KSP
Blue Cross Blue Shield of Texas,KSQ
CareFirst BCBS,KSR
Blue Cross Blue Shield of Texas,KSS
Blue Cross Blue Shield of Arizona,KST
Anthem BCBS of Ohio,KSU
Blue Cross of California,KSV
Blue Cross Blue Shield of Tennessee,KSW
Anthem BCBS of Georgia,KSX
Blue Cross of California,KSY
Blue Cross Blue Shield of Tennessee,KSZ
Blue Cross of California,KTA
Wellmark BCBS,KTB
Highmark BCBS of Pennsylvania,KTC
BCBS of Western New York,KTD
BCBS of Western New York,KTE
Blue Shield of California,KTF
Anthem BCBS of Wisconsin,KTG
Blue Cross Blue Shield of Illinois,KTH
Blue Shield of California,KTI
Blue Cross Blue Shield of Illinois,KTJ
Blue Cross Blue Shield of Nebraska,KTK
Wellmark BCBS,KTL
CareFirst BCBS,KTM
Premera Blue Cross,KTN
Blue Cross Blue Shield of Arizona,KTO
Blue Shield of California,KTP
Premera Blue Cross,KTQ
Anthem BCBS of Virginia,KTR
Anthem BCBS of Ohio,KTS
Anthem BCBS of Georgia,KTT
Blue Cross Blue Shield of Illinois,KTU
Blue Cross Blue Shield of Illinois,KTV
Anthem BCBS of Georgia,KTW
Anthem BCBS of Georgia,KTX
Blue Cross Blue Shield of Vermont,KTY
Blue Cross Blue Shield of Texas,KTZ
CareFirst BCBS,KUA
Blue Cross Blue Shield of Tennessee,KUB
Blue Cross Blue Shield of Illinois,KUC
Unassigned,KUD
Blue Shield of California,KUE
Wellmark BCBS,KUF
Horizon Blue Cross Blue Shield of New Jersey,KUG
Anthem BCBS of Virginia,KUH
Blue Cross Blue Shield of Michigan,KUI
Anthem BCBS of Ohio,KUJ
Horizon Blue Cross Blue Shield of New Jersey,KUK
Blue Cross Blue Shield of Illinois,KUL
Blue Cross Blue Shield of Arkansas,KUM
Regence Blue Cross Blue Shield of Oregon,KUN
Blue Cross Blue Shield of Michigan,KUO
Blue Cross Blue Shield of Rhode Island,KUP
Blue Cross Blue Shield of Minnesota,KUQ
Blue Cross Blue Shield of Illinois,KUR
Blue Cross Blue Shield of South Carolina,KUS
Blue Cross Blue Shield of South Carolina,KUT
Anthem BCBS of Ohio,KUU
Anthem BCBS of Nevada,KUV
Blue Cross Blue Shield of Illinois,KUW
Unassigned,KUX
Highmark BCBS of Pennsylvania,KUY
Unassigned,KUZ
Blue Cross Blue Shield of Illinois,KVA
Blue Cross Blue Shield of Alabama,KVB
Wellmark BCBS,KVC
Blue Cross Blue Shield of Alabama,KVD
Blue Cross Blue Shield of Illinois,KVE
Wellmark BCBS,KVF
Blue Cross Blue Shield of Minnesota,KVG
Capital Blue Cross,KVH
Blue Cross Blue Shield of Tennessee,KVI
Blue Cross Blue Shield of Illinois,KVJ
Blue Cross of California,KVK
Blue Cross Blue Shield of Kansas City,KVL
Wellmark BCBS,KVM
Blue Cross Blue Shield of Minnesota,KVN
Blue Cross Blue Shield of Minnesota,KVO
Blue Cross Blue Shield of Tennessee,KVP
Wellmark BCBS,KVQ
Empire Blue Cross Blue Shield,KVR
Premera Blue Cross,KVS
Highmark BCBS of Pennsylvania,KVT
Anthem BCBS of Georgia,KVU
CareFirst BCBS,KVV
Anthem BCBS of Wisconsin,KVW
Blue Cross Blue Shield of Massachusetts,KVX
Blue Cross of California,KVY
Anthem BCBS of Ohio,KVZ
Blue Cross Blue Shield of Michigan,KWA
Blue Cross Blue Shield of North Carolina,KWB
Blue Cross Blue Shield of Tennessee,KWC
Blue Cross of California,KWD
Blue Cross Blue Shield of Illinois,KWE
Blue Cross Blue Shield of Kansas City,KWF
Wellmark BCBS,KWG
Horizon Blue Cross Blue Shield of New Jersey,KWH
Blue Cross of California,KWI
Blue Cross Blue Shield of Rhode Island,KWJ
Wellmark BCBS,KWK
CareFirst BCBS,KWL
Anthem BCBS of Ohio,KWM
Blue Cross of California,KWN
Blue Cross Blue Shield of Michigan,KWO
Blue Cross Blue Shield of Massachusetts,KWP
Capital Blue Cross,KWQ
Blue Cross Blue Shield of Illinois,KWR
Blue Cross Blue Shield of Illinois,KWS
Blue Cross of California,KWT
Blue Cross of California,KWU
Regence Blue Shield of Washington,KWV
CareFirst BCBS,KWW
Regence Blue Shield of Washington,KWX
Blue Shield of Northeastern New York,KWY
Blue Cross Blue Shield of Nebraska,KWZ
BCBS of Western New York,KXA
Premera Blue Cross,KXB
Blue Cross Blue Shield of Illinois,KXC
BCBS of Western New York,KXD
Blue Cross Blue Shield of Illinois,KXE
Blue Shield of Northeastern New York,KXF
Blue Cross Blue Shield of Massachusetts,KXG
Blue Cross Blue Shield of Rhode Island,KXH
Blue Cross of California,KXI
Blue Cross of California,KXJ
Blue Cross Blue Shield of South Carolina,KXK
Anthem BCBS of Wisconsin,KXL
Premera Blue Cross,KXM
Blue Shield of California,KXN
Blue Cross Blue Shield of Michigan,KXO
Blue Cross Blue Shield of Minnesota,KXP
Anthem BCBS of Missouri,KXQ
Premera Blue Cross,KXR
Wellmark BCBS,KXS
Anthem BCBS of Ohio,KXT
Anthem BCBS of Virginia,KXU
Blue Cross Blue Shield of Minnesota,KXV
Blue Cross Blue Shield of Illinois,KXW
Wellmark BCBS,KXX
CareFirst BCBS,KXY
Blue Cross Blue Shield of Michigan,KXZ
Blue Cross Blue Shield of Michigan,KYA
Blue Cross Blue Shield of Illinois,KYB
Anthem BCBS of Ohio,KYC
Blue Cross Blue Shield of Michigan,KYD
Wellmark BCBS,KYE
Blue Cross Blue Shield of Illinois,KYF
Anthem BCBS of Ohio,KYG
Anthem BCBS of Ohio,KYH
Blue Cross Blue Shield of Alabama,KYI
Anthem BCBS of Ohio,KYJ
Blue Cross Blue Shield of Michigan,KYK
Anthem BCBS of Kentucky,KYL
Blue Cross Blue Shield of Michigan,KYM
Blue Cross Blue Shield of Michigan,KYN
Blue Cross Blue Shield of Michigan,KYO
Blue Cross Blue Shield of Michigan,KYP
Unassigned,KYQ
Blue Cross of California,KYR
Empire Blue Cross Blue Shield,KYS
Anthem BCBS of Kentucky,KYT
Anthem BCBS of Ohio,KYU
Blue Shield of California,KYV
Anthem BCBS of Ohio,KYW
Blue Cross Blue Shield of Alabama,KYX
Blue Cross Blue Shield of South Carolina,KYY
CareFirst BCBS,KYZ
Blue Cross Blue Shield of South Carolina,KZA
Anthem BCBS of Ohio,KZB
Blue Cross Blue Shield of Alabama,KZC
Blue Cross of California,KZD
Wellmark BCBS,KZE
BCBS of Western New York,KZF
Blue Cross Blue Shield of North Carolina,KZG
Blue Cross Blue Shield of Illinois,KZH
Anthem BCBS of Ohio,KZI
Blue Cross of California,KZJ
CareFirst BCBS,KZK
Anthem BCBS of Wisconsin,KZL
Blue Cross Blue Shield of Illinois,KZM
Blue Cross Blue Shield of Texas,KZN
Blue Cross Blue Shield of Michigan,KZO
Anthem BCBS of Virginia,KZP
BCBS of Western New York,KZQ
Horizon Blue Cross Blue Shield of New Jersey,KZR
Blue Cross Blue Shield of South Carolina,KZS
Blue Cross of California,KZT
Blue Cross of California,KZU
CareFirst BCBS,KZV
Blue Cross of California,KZW
Blue Cross Blue Shield of Illinois,KZX
Blue Cross Blue Shield of Michigan,KZY
Anthem BCBS of Georgia,KZZ
